gemeente,year,total_accidents,total_cycling_accidents,car_conflict,severity,slick,light,intersection,school_peak,local_accidents,total_hourly_flow,avg_temp,avg_precip,avg_mun_wind,bad_weather_ratio,relative_sensor_age,avg_income_per_capita,prof_earner_ratio,avg_employment_rate,inbound_push_ratio,total_pop,pct_young_children,pct_school_kids,pct_uni_students,pct_young_profs,pct_senior_profs,pct_seniors,pct_male,pct_female,pct_belgian,pct_foreign,pct_single,pct_married,pct_widowed,pct_divorced,accident_rate_per_flow,accident_rate_per_capita,severity_index,prev_year_severe_count,prev_year_dark_count,prev_year_local_accidents,prev_year_school_accidents,prev_year_slick_accidents,prev_year_carconflict_accidents,prev_year_int_accidents,prev_year_total_accidents,prev_year_total_cyc_accidents,historical_town_avg,school_zone_exposure,risk_per_1k_residents,weather_severity_index,flow_density,smoothed_target,predicted_num_accidents,pred_per_1k_residents,risk_rank,most_frequent_type
Gent,2025,0,0,0,0,0,0,0,0,0,4454.4824,12.230687,0.05063471,11.941783,0.0868997,3.0,25795.209,0.62630713,0.74286693,0.76776445,272657.0,0.07989892,0.104581945,0.10818354,0.24708334,0.29394442,0.16630785,0.49809834,0.5019016566601995,0.82209885,0.17790117253545665,0.5843789,0.2931852,0.042309567,0.08012631254653282,0.0,0.0,,50.0,132.0,2.0,191.0,193.0,277.0,230.0,1280.0,550.0,442.8,6.401417,4.694543,0.6046686674980254,0.016337313,0,437,1.602746307631933,1.0,dark
Brugge,2025,0,0,0,0,0,0,0,0,0,4029.8298,12.631299,0.04936622,13.185635,0.09711291,3.0,27665.66,0.6427712,0.75782746,0.4005988,120283.0,0.06468079,0.09631453,0.09029539,0.16975799,0.32546577,0.25348553,0.4902688,0.50973121721274,0.91027,0.08973005329098875,0.47028258,0.36355928,0.060025107,0.10613303625616255,0.0,0.0,,14.0,29.0,1.0,75.0,48.0,124.0,104.0,517.0,203.0,164.4,2.8748112,4.298197,0.6509249598267951,0.033502903,0,223,1.853961075131149,2.0,intersection
Leuven,2025,0,0,0,0,0,0,0,0,0,8308.027,12.638226,0.049408894,13.192974,0.09696114,1.0,28509.33,0.5796139,0.7242518,0.542286,104906.0,0.07221703,0.09350275,0.13630298,0.2532267,0.27469355,0.170057,0.49889424,0.5011057518159114,0.7714335,0.22856652622347629,0.5957429,0.2971994,0.03811984,0.06893790631613063,0.0,0.0,,12.0,34.0,11.0,73.0,70.0,95.0,82.0,366.0,208.0,140.0,0.81729394,3.4888377,0.6518502633751894,0.1144053,0,213,2.0303891102510816,3.0,slick
Kortrijk,2025,0,0,0,0,0,0,0,0,0,7372.3506,11.259447,0.065600015,13.514413,0.12072266,3.0,25469.135,0.60063463,0.75782746,0.5589847,80776.0,0.082524516,0.11299148,0.100091614,0.18890512,0.29872733,0.21675994,0.49664503,0.5033549569178964,0.8875285,0.11247152619589978,0.5031569,0.35318658,0.05666287,0.08699366148360899,0.0,0.0,,12.0,15.0,1.0,54.0,40.0,84.0,50.0,336.0,122.0,98.6,1.2380041,4.1596513,0.8865456742816039,0.091269076,0,136,1.6836684163612954,4.0,car_conflict
Mechelen,2025,0,0,0,0,0,0,0,0,0,2292.486,12.81338,0.053177804,11.904904,0.08918437,3.0,26403.367,0.5879846,0.7242518,0.5586001,89655.0,0.08762478,0.122781776,0.09816519,0.20828733,0.30142212,0.18171881,0.4913167,0.508683285929396,0.8721655,0.12783447660476271,0.5370141,0.33582065,0.045463163,0.08170208019630806,0.0,0.0,,13.0,19.0,1.0,46.0,47.0,63.0,44.0,273.0,125.0,79.25,4.801774,3.0450058,0.6330766551814052,0.025570087,0,133,1.4834643912776755,5.0,slick
Aalst,2025,0,0,0,0,0,0,0,0,0,2178.3125,12.230687,0.05063471,11.941783,0.0868997,6.0,26098.969,0.59986585,0.74286693,0.50921196,92131.0,0.08179657,0.12012243,0.088091955,0.17760581,0.3269475,0.20543574,0.49120274,0.5087972560810151,0.88930976,0.1106902128490953,0.49756324,0.34812388,0.055421084,0.09889179537832,0.0,0.0,,7.0,26.0,1.0,38.0,31.0,70.0,33.0,303.0,105.0,77.4,5.0805383,3.2887952,0.6046686674980254,0.023643643,0,129,1.4001801782244847,6.0,car_conflict
Hasselt,2025,0,0,0,0,0,0,0,0,0,7659.8403,12.548358,0.055673484,10.432759,0.104717635,2.0,28309.588,0.6325136,0.72071296,0.4490748,90249.0,0.06564061,0.09925872,0.08222806,0.18097708,0.3263859,0.24550964,0.49040988,0.5095901339627031,0.91214305,0.08785692916265,0.46931267,0.37258032,0.05718623,0.10092078582588172,0.0,0.0,,3.0,14.0,1.0,26.0,18.0,54.0,49.0,286.0,89.0,61.666668,1.169476,3.1690102,0.5808280276297003,0.08487452,0,111,1.2299305255459896,7.0,intersection
Lokeren,2025,0,0,0,0,0,0,0,0,0,800.23267,12.230687,0.05063471,11.941783,0.0868997,3.0,25669.832,0.5885925,0.74286693,0.031502876,50606.0,0.0808995,0.1234241,0.09228155,0.17090859,0.33266807,0.19981821,0.49648264,0.5035173694818796,0.9127179,0.08728214045765324,0.47767064,0.38240525,0.05185156,0.0880725605659408,0.0,0.0,,12.0,22.0,0.0,35.0,34.0,48.0,42.0,257.0,104.0,49.5,7.80523,5.0784492,0.6046686674980254,0.015812999,0,96,1.8970082598901317,8.0,dark
Oostende,2025,0,0,0,0,0,0,0,0,0,1853.2882,12.486466,0.050160598,18.28319,0.12275506,6.0,24827.844,0.66471994,0.75782746,0.97193843,72817.0,0.06720958,0.09291786,0.07862175,0.15301372,0.3128665,0.29537058,0.49259102,0.5074089841657855,0.8771166,0.12288339261436204,0.45775026,0.33385062,0.07524342,0.1331557191315215,0.0,0.0,,8.0,11.0,1.0,26.0,24.0,50.0,46.0,251.0,91.0,67.6,3.6508083,3.4469972,0.9170956985800003,0.025451312,0,95,1.3046403999066152,9.0,intersection
Genk,2025,0,0,0,0,0,0,0,0,0,500.52777,12.548358,0.055673484,10.432759,0.104717635,6.0,23037.049,0.6044067,0.72071296,0.5013065,68058.0,0.075127095,0.1153281,0.093846425,0.16765112,0.3318493,0.21619795,0.49418142,0.5058185665167945,0.8672603,0.13273972200182196,0.44797084,0.4019366,0.06027212,0.08982044726556761,0.0,0.0,,6.0,14.0,2.0,28.0,20.0,46.0,34.0,303.0,93.0,76.8,15.681447,4.452085,0.5808280276297003,0.00735443,0,94,1.3811748802491992,10.0,car_conflict
Beveren,2025,0,0,0,0,0,0,0,0,0,933.38544,12.230687,0.05063471,11.941783,0.0868997,3.0,29282.713,0.59629375,0.74286693,0.7637031,51346.0,0.076084815,0.11314371,0.0867658,0.16570282,0.33195642,0.22634643,0.49590856,0.5040914276722137,0.9152799,0.0847200912703096,0.46256736,0.3930721,0.05698493,0.08737558519217908,0.0,0.0,,8.0,9.0,1.0,19.0,14.0,32.0,17.0,181.0,58.0,39.75,6.2240925,3.5251043,0.6046686674980254,0.018178347,0,72,1.4022513925135356,11.5,car_conflict
Dendermonde,2025,0,0,0,0,0,0,0,0,0,2816.6006,12.230687,0.05063471,11.941783,0.0868997,3.0,26879.25,0.61479,0.74286693,0.43140242,47539.0,0.07530659,0.11121395,0.089610636,0.17129093,0.33025515,0.22232272,0.4897663,0.5102337028544984,0.9338017,0.06619827930751593,0.47886997,0.3606302,0.05906729,0.10143250804602537,0.0,0.0,,8.0,14.0,5.0,23.0,17.0,45.0,20.0,173.0,70.0,44.25,1.8770853,3.6391172,0.6046686674980254,0.05924821,0,72,1.5145459517448832,11.5,car_conflict
Brasschaat,2025,0,0,0,0,0,0,0,0,0,2153.4307,12.81338,0.053177804,11.904904,0.08918437,6.0,30420.861,0.5968797,0.7242518,0.45722556,38416.0,0.06955435,0.1094596,0.08191899,0.14158164,0.32902956,0.26845586,0.47868076,0.5213192419825073,0.89879215,0.10120783007080383,0.44554353,0.39626718,0.060443565,0.0977457309454394,0.0,0.0,,11.0,9.0,0.0,23.0,24.0,47.0,32.0,142.0,72.0,51.2,1.9526982,3.6963766,0.6330766551814052,0.056055564,0,70,1.8221574344023324,13.0,car_conflict
Ieper,2025,0,0,0,0,0,0,0,0,0,806.316,11.259447,0.065600015,13.514413,0.12072266,3.0,24945.082,0.61574036,0.75782746,0.54695344,35587.0,0.0758142,0.106471464,0.08536825,0.16514458,0.3197797,0.24742182,0.4946469,0.5053530783713154,0.9331778,0.06682215415741703,0.45038918,0.39247477,0.06418074,0.09295529266305111,0.0,0.0,,9.0,8.0,0.0,19.0,22.0,29.0,20.0,139.0,56.0,51.0,4.6991506,3.9059207,0.8865456742816039,0.0226576,0,69,1.9389102762244639,14.0,slick
Vilvoorde,2025,0,0,0,0,0,0,0,0,0,740.57983,12.638226,0.049408894,13.192974,0.09696114,3.0,22774.693,0.54515123,0.7242518,0.5093902,48040.0,0.10439217,0.14808492,0.107597835,0.18207744,0.314592,0.14325562,0.48859283,0.5114071606994172,0.83713573,0.16286427976686094,0.5278726,0.35697335,0.040632807,0.07452123230641132,0.0,0.0,,2.0,7.0,0.0,11.0,10.0,19.0,17.0,136.0,36.0,33.0,9.605987,2.830974,0.6518502633751894,0.0154159,0,56,1.1656952539550376,15.0,dark
Evergem,2025,0,0,0,0,0,0,0,0,0,993.7014,12.230687,0.05063471,11.941783,0.0868997,6.0,28256.857,0.6006213,0.74286693,0.50053895,37254.0,0.076609224,0.110726364,0.085869975,0.16967306,0.33891663,0.21820475,0.4936651,0.5063348902131315,0.94816667,0.05183336017608847,0.45313254,0.4015676,0.057362966,0.08793686583990981,0.0,0.0,,2.0,11.0,1.0,16.0,13.0,30.0,16.0,118.0,53.0,40.2,4.1511464,3.1674452,0.6046686674980254,0.026673684,0,52,1.3958232673001558,16.0,dark
Lier,2025,0,0,0,0,0,0,0,0,0,172.03125,13.051128,0.07650366,12.504422,0.13477223,3.0,27470.508,0.6256077,0.7242518,0.35511613,38517.0,0.07536932,0.104187764,0.089492954,0.1828024,0.32442817,0.2237194,0.4864865,0.5135135135135135,0.90025187,0.09974816314873952,0.49141937,0.35210428,0.056468572,0.10000778876859569,0.0,0.0,,7.0,10.0,0.0,15.0,11.0,28.0,18.0,132.0,53.0,37.0,23.327158,3.4270582,0.9566340298660706,0.004466372,0,50,1.298128099280837,17.0,dark
Geel,2025,0,0,0,0,0,0,0,0,0,997.4792,12.81338,0.053177804,11.904904,0.08918437,3.0,26781.934,0.61317116,0.7242518,0.011334262,42427.0,0.07002616,0.10858651,0.09324251,0.171471,0.340915,0.21575883,0.5043958,0.49560421429749923,0.8923563,0.10764371744408043,0.48502132,0.371438,0.051429514,0.09211115563202678,0.0,0.0,,8.0,8.0,1.0,17.0,21.0,38.0,28.0,142.0,52.0,33.25,4.618643,3.3469253,0.6330766551814052,0.02351048,0,48,1.1313550333514035,18.5,slick
Pelt,2025,0,0,0,0,0,0,0,0,0,659.0139,12.548358,0.055673484,10.432759,0.104717635,3.0,24824.777,0.58663213,0.72071296,0.017779399,34635.0,0.07636783,0.10884943,0.08066984,0.17202252,0.3291468,0.23294355,0.50076514,0.4992348780135701,0.8018767,0.19812328569366247,0.4517107,0.41426304,0.054222606,0.07980366681102931,0.0,0.0,,3.0,3.0,2.0,11.0,7.0,18.0,16.0,98.0,25.0,29.25,5.7206683,2.8295078,0.5808280276297003,0.019027397,0,48,1.3858813339107838,18.5,intersection
Herentals,2025,0,0,0,0,0,0,0,0,0,1927.0659,12.81338,0.053177804,11.904904,0.08918437,3.0,27307.795,0.63587904,0.7242518,0.279072,29001.0,0.06775629,0.097824216,0.08065239,0.17027,0.34374678,0.23975036,0.4940864,0.5059135891865798,0.92320955,0.07679045550153443,0.4630185,0.37715942,0.057584222,0.10223785386710803,0.0,0.0,,5.0,7.0,1.0,17.0,13.0,33.0,27.0,93.0,45.0,29.25,1.4721862,3.206786,0.6330766551814052,0.06644826,0,44,1.5171890624461224,20.5,intersection
Izegem,2025,0,0,0,0,0,0,0,0,0,692.4132,11.259447,0.065600015,13.514413,0.12072266,3.0,24989.576,0.60821944,0.75782746,0.4943304,29427.0,0.080130495,0.111972,0.08583953,0.17762598,0.32361436,0.22081761,0.49349236,0.506507629048153,0.9206851,0.07931491487409521,0.46382573,0.3820641,0.060012914,0.09409725762055256,0.0,0.0,,0.0,4.0,0.0,9.0,11.0,22.0,16.0,96.0,30.0,25.0,4.7587194,3.26231,0.8865456742816039,0.02352986,0,44,1.4952254732048798,20.5,slick
Deinze,2025,0,0,0,0,0,0,0,0,0,753.45483,12.230687,0.05063471,11.941783,0.0868997,2.0,28608.566,0.60345006,0.74286693,0.5391689,46026.0,0.075479075,0.10995959,0.08347456,0.17014296,0.3377656,0.22317821,0.4934602,0.5065397818624255,0.9344284,0.0655716334245861,0.4674749,0.38941035,0.057902057,0.08521270586190414,0.0,0.0,,6.0,4.0,0.0,12.0,15.0,18.0,15.0,125.0,36.0,24.5,6.717058,2.7158563,0.6046686674980254,0.016370201,0,42,0.9125277017338027,22.0,slick
Heist-op-den-Berg,2025,0,0,0,0,0,0,0,0,0,1079.3334,12.81338,0.053177804,11.904904,0.08918437,6.0,27454.518,0.61014444,0.7242518,0.5651135,44723.0,0.07000872,0.10390627,0.07989178,0.16356237,0.34481138,0.23781946,0.4933256,0.5066744180846544,0.95302194,0.04697806497775194,0.45491135,0.38807774,0.058202714,0.09880821948438163,0.0,0.0,,6.0,13.0,1.0,12.0,10.0,32.0,25.0,113.0,44.0,30.6,4.3054357,2.526664,0.6330766551814052,0.024133742,0,41,0.9167542427833554,23.0,dark
Lommel,2025,0,0,0,0,0,0,0,0,0,752.11804,12.548358,0.055673484,10.432759,0.104717635,3.0,25260.2,0.61206454,0.72071296,0.47541264,35208.0,0.067598276,0.10537378,0.08537833,0.1604465,0.34628493,0.2349182,0.50176096,0.4982390365825949,0.8029709,0.19702908429902294,0.4365485,0.42535788,0.056038402,0.08205521472392638,0.0,0.0,,3.0,3.0,1.0,7.0,10.0,25.0,16.0,114.0,32.0,26.75,4.9327364,3.2379005,0.5808280276297003,0.021362135,0,40,1.1361054305839582,24.0,car_conflict
Houthalen-Helchteren,2025,0,0,0,0,0,0,0,0,0,556.4792,12.548358,0.055673484,10.432759,0.104717635,2.0,23457.371,0.5854534,0.72071296,0.5469735,30945.0,0.078526415,0.115365975,0.086185165,0.1678785,0.33782518,0.21421878,0.5012441,0.49875585716593956,0.90195507,0.09804491840361933,0.44320568,0.42546454,0.051769268,0.07956051058329294,0.0,0.0,,5.0,3.0,0.0,12.0,8.0,21.0,20.0,113.0,36.0,23.666666,6.4153347,3.65164,0.5808280276297003,0.017982846,0,37,1.195669736629504,25.0,intersection
Aalter,2025,0,0,0,0,0,0,0,0,0,883.8993,12.230687,0.05063471,11.941783,0.0868997,3.0,29145.264,0.6129319,0.74286693,0.5408919,29830.0,0.07177338,0.10479383,0.08467985,0.16483405,0.3411331,0.23278579,0.50020117,0.4997988602078445,0.94857526,0.05142474019443513,0.44927925,0.40465975,0.058062352,0.08799865906805229,0.0,0.0,,11.0,7.0,0.0,15.0,12.0,17.0,10.0,114.0,37.0,24.25,3.536602,3.821656,0.6046686674980254,0.02963122,0,36,1.2068387529332887,27.0,school_accidents
Aarschot,2025,0,0,0,0,0,0,0,0,0,967.125,12.638226,0.049408894,13.192974,0.09696114,3.0,28650.121,0.6236398,0.7242518,0.414993,31514.0,0.068033256,0.09760741,0.077267244,0.17738149,0.34010282,0.2396078,0.4901631,0.5098368978866535,0.93694866,0.0630513422605826,0.47163165,0.36637685,0.063083075,0.09890842165386812,0.0,0.0,,6.0,4.0,0.0,11.0,6.0,27.0,26.0,108.0,41.0,24.0,3.1805608,3.4270482,0.6518502633751894,0.030688742,0,36,1.1423494319984768,27.0,intersection
Bree,2025,0,0,0,0,0,0,0,0,0,725.0243,12.548358,0.055673484,10.432759,0.104717635,5.0,25117.555,0.61789876,0.72071296,0.4894249,17210.0,0.068158045,0.101568855,0.080767,0.17547937,0.3414875,0.23253922,0.4960488,0.5039511911679256,0.8813481,0.11865194654270773,0.44596165,0.4072051,0.055026148,0.09180708890180128,0.0,0.0,,3.0,4.0,2.0,9.0,7.0,16.0,14.0,83.0,37.0,26.6,2.4109538,4.8227773,0.5808280276297003,0.042128082,0,36,2.0918070889018012,27.0,intersection
Zele,2025,0,0,0,0,0,0,0,0,0,623.93054,12.230687,0.05063471,11.941783,0.0868997,3.0,24946.748,0.5961015,0.74286693,0.7650572,21521.0,0.082012914,0.11765253,0.09567399,0.168626,0.33195484,0.20407973,0.49904743,0.5009525579666373,0.8885275,0.11147251521769436,0.4572743,0.40193298,0.05812927,0.08266344500720227,0.0,0.0,,7.0,4.0,2.0,11.0,12.0,23.0,16.0,90.0,39.0,22.75,4.058144,4.181962,0.6046686674980254,0.028991709,0,32,1.486919752799591,29.0,slick
Diest,2025,0,0,0,0,0,0,0,0,0,741.4583,12.638226,0.049408894,13.192974,0.09696114,3.0,27793.924,0.61713535,0.7242518,0.8114183,25141.0,0.064476356,0.10632035,0.08305159,0.16232449,0.33956486,0.24426237,0.49445128,0.5055487053020962,0.9255797,0.07442026967901039,0.45499384,0.38832983,0.057197407,0.09947893878525119,0.0,0.0,,5.0,4.0,1.0,10.0,10.0,18.0,15.0,85.0,30.0,19.25,3.6050577,3.3809316,0.6518502633751894,0.029491998,0,30,1.193269957440038,30.5,slick
Westerlo,2025,0,0,0,0,0,0,0,0,0,2843.6182,12.81338,0.053177804,11.904904,0.08918437,3.0,27329.129,0.61414564,0.7242518,0.55997205,25691.0,0.06445837,0.10922113,0.0845043,0.14748356,0.3513682,0.24296446,0.5021603,0.4978397104044217,0.94718,0.052820053715308866,0.4541279,0.39745435,0.0553112,0.09310653536257833,0.0,0.0,,3.0,7.0,3.0,14.0,7.0,24.0,21.0,88.0,31.0,20.25,0.98677105,3.425324,0.6330766551814052,0.11068538,0,30,1.1677241057179557,30.5,intersection
Halle,2025,0,0,0,0,0,0,0,0,0,75.486115,12.638226,0.049408894,13.192974,0.09696114,3.0,26196.064,0.594342,0.7242518,0.73500085,42884.0,0.08940397,0.12011473,0.09271523,0.18561701,0.31643504,0.19571401,0.48738456,0.5126154276653297,0.8942729,0.10572707769797593,0.5193079,0.34145603,0.055685103,0.08355097472250723,0.0,0.0,,0.0,7.0,0.0,13.0,11.0,22.0,13.0,131.0,30.0,18.25,68.23772,3.0547523,0.6518502633751894,0.0017602395,0,29,0.6762428877903182,33.0,dark
Hamme,2025,0,0,0,0,0,0,0,0,0,563.0243,12.230687,0.05063471,11.941783,0.0868997,3.0,25865.621,0.61400354,0.74286693,0.54094785,25706.0,0.07725823,0.116820976,0.09165175,0.17353925,0.33264607,0.20808372,0.49241424,0.5075857776394616,0.9260095,0.07399050805259473,0.47047383,0.37539873,0.05870225,0.09542519256204778,0.0,0.0,,5.0,4.0,1.0,9.0,11.0,34.0,17.0,71.0,37.0,19.75,5.333695,2.762001,0.6046686674980254,0.021902448,0,29,1.1281412899712129,33.0,car_conflict
Tienen,2025,0,0,0,0,0,0,0,0,0,2145.5903,12.638226,0.049408894,13.192974,0.09696114,6.0,26057.879,0.60785776,0.7242518,0.43213513,36890.0,0.079154246,0.11593928,0.08395229,0.16633233,0.32922202,0.22539984,0.4870968,0.5129032258064516,0.89769584,0.10230414746543778,0.48845217,0.34770942,0.06267281,0.10116562754133912,0.0,0.0,,1.0,5.0,3.0,7.0,6.0,15.0,9.0,95.0,19.0,19.6,1.9933908,2.5752237,0.6518502633751894,0.05816184,0,29,0.7861208999728924,33.0,dark
Brecht,2025,0,0,0,0,0,0,0,0,0,539.9722,12.81338,0.053177804,11.904904,0.08918437,3.0,28352.576,0.58963186,0.7242518,0.9663357,30664.0,0.07901774,0.104846075,0.08273546,0.16351421,0.34277982,0.2271067,0.4988912,0.5011087920688756,0.9295591,0.07044090790503522,0.4516045,0.4159927,0.051624056,0.0807787633707279,0.0,0.0,,5.0,5.0,0.0,4.0,5.0,18.0,10.0,79.0,21.0,17.25,5.95401,2.5763109,0.6330766551814052,0.01760932,0,28,0.9131228802504565,35.0,dark
Tongeren,2025,0,0,0,0,0,0,0,0,0,171.61111,12.548358,0.055673484,10.432759,0.104717635,3.0,25355.117,0.6246876,0.72071296,0.5011481,32459.0,0.06917045,0.10573153,0.07996764,0.15399216,0.34874603,0.24239218,0.4934657,0.5065343207418009,0.9139025,0.08609745472649201,0.44663638,0.3854316,0.064752005,0.10318003609434315,0.0,0.0,,0.0,3.0,0.0,7.0,5.0,16.0,9.0,114.0,26.0,18.25,19.998354,3.5121229,0.5808280276297003,0.0052870116,0,27,0.8318186019285868,36.0,dark
Wervik,2025,0,0,0,0,0,0,0,0,0,1310.5798,11.259447,0.065600015,13.514413,0.12072266,3.0,23261.469,0.59538233,0.75782746,0.014415617,19207.0,0.082261674,0.1244338,0.09022752,0.16296142,0.3174884,0.22262716,0.502421,0.4975790076534597,0.90029675,0.09970323319623053,0.47628468,0.37850782,0.06101942,0.08418805643775706,0.0,0.0,,2.0,1.0,0.0,9.0,4.0,9.0,10.0,48.0,17.0,14.5,1.8236203,2.4990888,0.8865456742816039,0.06823449,0,25,1.3016087884625398,37.0,school_accidents
Asse,2025,0,0,0,0,0,0,0,0,0,258.39236,12.638226,0.049408894,13.192974,0.09696114,3.0,25791.541,0.5640863,0.7242518,0.9466539,35882.0,0.09882392,0.12504877,0.09846162,0.17705256,0.31715065,0.18346246,0.49300486,0.5069951507719748,0.8333148,0.16668524608438773,0.5050722,0.3703807,0.05008082,0.07446630622596288,0.0,0.0,,2.0,8.0,1.0,17.0,12.0,25.0,11.0,106.0,35.0,18.75,17.365065,2.9541273,0.6518502633751894,0.0072011696,0,24,0.6688590379577504,38.5,school_accidents
Maasmechelen,2025,0,0,0,0,0,0,0,0,0,428.00696,12.548358,0.055673484,10.432759,0.104717635,3.0,21962.877,0.59784263,0.72071296,0.114809066,40486.0,0.07829867,0.11591661,0.08810453,0.17467767,0.3373265,0.20567603,0.501235,0.49876500518697825,0.7850368,0.21496319715457196,0.46280196,0.39717433,0.05206738,0.08795633058341155,0.0,0.0,,3.0,0.0,0.0,9.0,5.0,17.0,11.0,131.0,21.0,17.25,10.964775,3.2356863,0.5808280276297003,0.0105717275,0,24,0.5927975102504569,38.5,school_accidents
Nijlen,2025,0,0,0,0,0,0,0,0,0,839.4792,12.81338,0.053177804,11.904904,0.08918437,3.0,28007.102,0.59414464,0.7242518,0.98817515,23747.0,0.071377434,0.113193244,0.08165242,0.16010444,0.3494757,0.22419675,0.49134627,0.5086537246810123,0.96269,0.03730997599696804,0.45942646,0.39802924,0.054364763,0.0881795595233082,0.0,0.0,,4.0,1.0,0.0,2.0,3.0,9.0,5.0,50.0,15.0,15.5,3.2019854,2.105529,0.6330766551814052,0.035350956,0,22,0.9264328125657978,40.0,dark
Bilzen,2025,0,0,0,0,0,0,0,0,0,461.12848,12.548358,0.055673484,10.432759,0.104717635,6.0,26218.795,0.6121318,0.72071296,0.4780854,33109.0,0.07080105,0.110090904,0.07888475,0.16682936,0.34668416,0.22670978,0.4931975,0.5068025135745226,0.9139162,0.08608382649014704,0.44741017,0.40763223,0.057684094,0.08727350375205906,0.0,0.0,,1.0,1.0,0.0,4.0,5.0,13.0,6.0,83.0,16.0,14.8,7.904521,2.5068712,0.5808280276297003,0.013927586,0,21,0.6342686278655351,41.0,slick
Maaseik,2025,0,0,0,0,0,0,0,0,0,1097.8438,12.548358,0.055673484,10.432759,0.104717635,3.0,25145.02,0.60256535,0.72071296,0.5099759,25828.0,0.06752362,0.10612514,0.08277838,0.15785195,0.34652317,0.23919778,0.49837387,0.501626142171287,0.825151,0.1748490010840948,0.43538022,0.41644725,0.057921637,0.09025089050642714,0.0,0.0,,2.0,4.0,0.0,7.0,3.0,13.0,8.0,48.0,18.0,13.5,2.4967122,1.8584481,0.5808280276297003,0.042505953,0,20,0.7743534148985597,42.0,dark
Herent,2025,0,0,0,0,0,0,0,0,0,1547.382,12.638226,0.049408894,13.192974,0.09696114,3.0,33229.785,0.5767248,0.7242518,0.8056187,23081.0,0.08444175,0.114119835,0.08821108,0.18816343,0.31406784,0.21099606,0.48888695,0.5111130366968503,0.9212339,0.07876608465837702,0.4995884,0.3770634,0.0479182,0.07543000736536545,0.0,0.0,,1.0,0.0,0.0,7.0,7.0,9.0,5.0,43.0,14.0,13.0,1.70223,1.8630042,0.6518502633751894,0.067041375,0,19,0.823187903470387,43.5,slick
Torhout,2025,0,0,0,0,0,0,0,0,0,506.18054,11.259447,0.065600015,13.514413,0.12072266,3.0,25924.271,0.6072961,0.75782746,0.029974462,21159.0,0.07136443,0.11219812,0.083746865,0.16664304,0.3255825,0.24046504,0.50073254,0.49926745120279786,0.9423886,0.05761141830899381,0.45025757,0.39817572,0.05817855,0.09338815634009169,0.0,0.0,,2.0,3.0,1.0,6.0,2.0,11.0,8.0,58.0,17.0,12.0,4.6900263,2.7411504,0.8865456742816039,0.023922706,0,19,0.8979630417316508,43.5,dark
Balen,2025,0,0,0,0,0,0,0,0,0,530.7222,12.548358,0.055673484,10.432759,0.104717635,6.0,26171.861,0.5989647,0.7242518,0.030121969,23777.0,0.07233881,0.11729823,0.07843714,0.16831392,0.35273585,0.21087606,0.5008201,0.4991798797156916,0.9289229,0.07107709130672499,0.4676368,0.3959709,0.05391765,0.08247466038608739,0.0,0.0,,0.0,2.0,0.0,4.0,3.0,13.0,8.0,46.0,18.0,13.2,5.255103,1.9346427,0.5808280276297003,0.022320824,0,18,0.7570341085923371,45.5,dark
Zemst,2025,0,0,0,0,0,0,0,0,0,2389.4236,12.638226,0.049408894,13.192974,0.09696114,3.0,32604.02,0.5706567,0.7242518,0.44617456,23369.0,0.07796653,0.12187085,0.08506996,0.14536351,0.35003638,0.21969275,0.4881681,0.5118319140742008,0.96298516,0.037014848731225125,0.4664727,0.40207112,0.05254825,0.07890795498309726,0.0,0.0,,1.0,2.0,0.0,4.0,5.0,10.0,8.0,46.0,17.0,12.0,1.1919192,1.9684197,0.6518502633751894,0.10224757,0,18,0.7702511874705807,45.5,slick
Nieuwpoort,2025,0,0,0,0,0,0,0,0,0,5851.6562,12.486466,0.050160598,18.28319,0.12275506,3.0,27741.326,0.6935926,0.75782746,0.40737253,11399.0,0.041845776,0.06711115,0.058864813,0.106939204,0.32494077,0.40029827,0.48741117,0.5125888235810159,0.93578386,0.06421615931222037,0.33520484,0.42205456,0.09571015,0.14703044126677778,0.0,0.0,,0.0,1.0,1.0,6.0,2.0,8.0,10.0,45.0,15.0,11.75,0.13073222,3.9477148,0.9170956985800003,0.5133482,0,16,1.4036318975348716,47.0,intersection
Lanaken,2025,0,0,0,0,0,0,0,0,0,857.51733,12.548358,0.055673484,10.432759,0.104717635,3.0,25659.328,0.59751874,0.72071296,0.49115106,26457.0,0.069622405,0.096004836,0.08035681,0.16574064,0.34104395,0.24723135,0.5030805,0.4969195298030767,0.66836756,0.3316324602184677,0.44600672,0.40514797,0.06074007,0.08810522735003969,0.0,0.0,,0.0,1.0,0.0,2.0,1.0,3.0,1.0,47.0,5.0,7.75,2.9620392,1.7764674,0.5808280276297003,0.03241174,0,15,0.5669577049552103,48.0,dark
Malle,2025,0,0,0,0,0,0,0,0,0,468.4618,12.81338,0.053177804,11.904904,0.08918437,3.0,27509.398,0.61067057,0.7242518,0.9621938,16248.0,0.070470214,0.1109675,0.09299606,0.15725012,0.3347489,0.23356721,0.49575332,0.5042466765140325,0.9226366,0.07736336779911374,0.46731904,0.3959872,0.05182176,0.08487198424421467,0.0,0.0,,0.0,2.0,0.0,3.0,4.0,7.0,4.0,38.0,12.0,10.75,3.8487663,2.3387494,0.6330766551814052,0.028831968,0,14,0.8616445100935499,49.5,dark
Melle,2025,0,0,0,0,0,0,0,0,0,856.8993,12.230687,0.05063471,11.941783,0.0868997,3.0,29967.387,0.59018034,0.74286693,0.96201277,12100.0,0.08980887,0.10867207,0.08772223,0.18112011,0.32927135,0.2034054,0.4871046,0.5128954177447625,0.944412,0.05558801435606377,0.4894416,0.37150487,0.052833654,0.08621984809281362,0.0,0.0,,4.0,6.0,0.0,11.0,9.0,16.0,11.0,59.0,22.0,10.75,1.5345234,4.876033,0.6046686674980254,0.070818126,0,14,1.15702479338843,49.5,dark
Kampenhout,2025,0,0,0,0,0,0,0,0,0,976.8715,12.638226,0.049408894,13.192974,0.09696114,3.0,31075.219,0.5826912,0.7242518,0.07756135,12606.0,0.07686816,0.12073616,0.09178169,0.16428685,0.34753293,0.19879423,0.49484372,0.5051562747897826,0.9421704,0.057829604950023795,0.48770428,0.37926385,0.0464858,0.08654608916389021,0.0,0.0,,2.0,3.0,0.0,3.0,2.0,6.0,5.0,32.0,10.0,7.5,1.558035,2.5384738,0.6518502633751894,0.07749259,0,13,1.0312549579565287,52.0,dark
Lille,2025,0,0,0,0,0,0,0,0,0,317.24652,12.81338,0.053177804,11.904904,0.08918437,2.0,27451.914,0.6003864,0.7242518,0.5547418,17130.0,0.07075307,0.106129594,0.08190309,0.15826036,0.35557503,0.22737886,0.50291884,0.49708114419147686,0.9503211,0.04967892586106246,0.45061296,0.4175715,0.048628137,0.08318739054290718,0.0,0.0,,2.0,1.0,0.0,5.0,2.0,11.0,8.0,37.0,13.0,8.666667,5.7305593,2.1599534,0.6330766551814052,0.018519938,0,13,0.7589025102159953,52.0,intersection
Zaventem,2025,0,0,0,0,0,0,0,0,0,1582.0659,12.638226,0.049408894,13.192974,0.09696114,3.0,25096.943,0.5314217,0.7242518,0.4879864,37271.0,0.09363849,0.13750637,0.10133884,0.1756862,0.3286201,0.16321,0.488208,0.5117920098736283,0.7554935,0.24450645273805371,0.52265835,0.36164847,0.04147997,0.07421319524563333,0.0,0.0,,2.0,2.0,1.0,5.0,8.0,13.0,8.0,146.0,18.0,11.2,3.239435,3.9172547,0.6518502633751894,0.042447638,0,13,0.3487966515521451,52.0,slick
Beersel,2025,0,0,0,0,0,0,0,0,0,153.69098,12.638226,0.049408894,13.192974,0.09696114,3.0,28329.117,0.5513799,0.7242518,0.9028812,26593.0,0.09269357,0.13849509,0.094536155,0.14782086,0.33888617,0.18756816,0.4902794,0.5097206031662468,0.8703042,0.12969578460497122,0.5202873,0.35983154,0.044334974,0.07554619636746512,0.0,0.0,,3.0,2.0,1.0,4.0,3.0,8.0,7.0,51.0,9.0,7.0,23.963673,1.9177979,0.6518502633751894,0.005779377,0,12,0.45124656864588425,55.0,dark
Meise,2025,0,0,0,0,0,0,0,0,0,506.01736,12.638226,0.049408894,13.192974,0.09696114,4.0,30841.496,0.5675871,0.7242518,0.51627237,20392.0,0.08625932,0.11970381,0.08993723,0.1581993,0.32100824,0.22489211,0.48793644,0.5120635543350334,0.90520793,0.09479207532365634,0.47494116,0.38858375,0.053746566,0.08272852098862299,0.0,0.0,,1.0,2.0,0.0,6.0,1.0,12.0,5.0,77.0,18.0,10.0,4.823945,3.7759905,0.6518502633751894,0.024814503,0,12,0.5884660651235779,55.0,dark
Peer,2025,0,0,0,0,0,0,0,0,0,594.0278,12.548358,0.055673484,10.432759,0.104717635,3.0,25252.176,0.5877824,0.72071296,0.8077295,16685.0,0.070961945,0.11225652,0.07953251,0.15804616,0.3502547,0.22894816,0.50110877,0.49889121965837574,0.9223854,0.07761462391369493,0.44357207,0.42589152,0.04974528,0.080791129757267,0.0,0.0,,1.0,1.0,0.0,6.0,3.0,12.0,8.0,33.0,13.0,8.5,3.1530511,1.9778244,0.5808280276297003,0.035602503,0,12,0.719208870242733,55.0,school_accidents
Ardooie,2025,0,0,0,0,0,0,0,0,0,421.5382,11.259447,0.065600015,13.514413,0.12072266,3.0,26101.562,0.61013407,0.75782746,0.9758689,9514.0,0.0801976,0.10710532,0.083876394,0.17342862,0.31322262,0.24216944,0.49884382,0.5011561908766029,0.94345176,0.056548244692032804,0.4491276,0.40477192,0.06926634,0.07683413916333824,0.0,0.0,,1.0,2.0,0.0,4.0,1.0,6.0,4.0,31.0,7.0,6.0,2.4173372,3.258356,0.8865456742816039,0.044307146,0,10,1.0510826150935462,58.0,dark
Herk-de-Stad,2025,0,0,0,0,0,0,0,0,0,982.6875,12.548358,0.055673484,10.432759,0.104717635,3.0,28139.51,0.61352783,0.72071296,0.47361702,12927.0,0.066217996,0.110002324,0.082076274,0.15193006,0.35623115,0.2335422,0.49593872,0.5040612671153399,0.9586911,0.04130888837317243,0.44062814,0.40875685,0.057012454,0.09360253732497872,0.0,0.0,,0.0,0.0,0.0,0.0,1.0,5.0,4.0,22.0,7.0,6.5,1.4470521,1.7018644,0.5808280276297003,0.076018214,0,10,0.7735746886361878,58.0,dark
Nazareth,2025,0,0,0,0,0,0,0,0,0,76.170135,12.230687,0.05063471,11.941783,0.0868997,3.0,29969.408,0.6054541,0.74286693,0.51648575,12428.0,0.07639171,0.103941485,0.08281186,0.16147907,0.34896383,0.22641203,0.49199513,0.5080048760666396,0.95188946,0.04811052417716376,0.4545307,0.39488012,0.05916294,0.0914262494920764,0.0,0.0,,0.0,0.0,0.0,3.0,2.0,5.0,2.0,44.0,9.0,8.0,16.959202,3.5403926,0.6046686674980254,0.0061289137,0,10,0.8046346958480849,58.0,slick
Dessel,2025,0,0,0,0,0,0,0,0,0,994.8785,12.81338,0.053177804,11.904904,0.08918437,2.0,25474.584,0.59873027,0.7242518,0.4835078,10076.0,0.07969432,0.118003175,0.085748315,0.1649464,0.33991665,0.21169114,0.4982136,0.5017864231838031,0.8865621,0.11343787217149665,0.46486703,0.39579198,0.059845176,0.0794958316792378,0.0,0.0,,1.0,1.0,0.0,3.0,0.0,5.0,3.0,16.0,6.0,5.3333335,1.1951208,1.5879318,0.6330766551814052,0.09873744,0,9,0.8932115919015483,60.0,dark
As,2025,0,0,0,0,0,0,0,0,0,976.9583,12.548358,0.055673484,10.432759,0.104717635,3.0,26596.174,0.606168,0.72071296,0.55064476,8298.0,0.07664497,0.112798266,0.08206797,0.17064352,0.34369728,0.21414798,0.49505904,0.504940949626416,0.9267293,0.0732706676307544,0.45348278,0.39816824,0.059411906,0.08893709327548807,0.0,0.0,,0.0,0.0,0.0,4.0,0.0,4.0,2.0,25.0,7.0,5.25,0.95807564,3.0127742,0.5808280276297003,0.117734194,0,8,0.9640877319836105,62.0,school_accidents
Lummen,2025,0,0,0,0,0,0,0,0,0,232.15625,12.548358,0.055673484,10.432759,0.104717635,3.0,28035.084,0.60068727,0.72071296,0.49401703,15347.0,0.072587475,0.10751287,0.069134034,0.16309376,0.34742945,0.24024239,0.5064834,0.49351664820486085,0.95640844,0.043591581416563496,0.43409136,0.4271193,0.057600833,0.08118850589691796,0.0,0.0,,3.0,1.0,0.0,4.0,3.0,4.0,7.0,34.0,9.0,5.75,7.107282,2.2154167,0.5808280276297003,0.015127142,0,8,0.5212745161920896,62.0,dark
Meulebeke,2025,0,0,0,0,0,0,0,0,0,242.23611,11.259447,0.065600015,13.514413,0.12072266,3.0,24799.975,0.6166941,0.75782746,0.92320675,11234.0,0.07758698,0.0991639,0.089813896,0.16955857,0.3401061,0.22377056,0.5031916,0.49680841499595435,0.9335611,0.06643891036590847,0.42875123,0.42200845,0.064910546,0.08432976714915041,0.0,0.0,,2.0,1.0,0.0,7.0,4.0,10.0,8.0,30.0,13.0,5.75,4.5988483,2.6704648,0.8865456742816039,0.021562766,0,8,0.7121239095602635,62.0,school_accidents
Wemmel,2025,0,0,0,0,0,0,0,0,0,227.62848,12.638226,0.049408894,13.192974,0.09696114,3.0,26063.365,0.55143553,0.7242518,0.951642,18292.0,0.09649027,0.12994751,0.101410456,0.17335448,0.3099169,0.18888038,0.48955828,0.5104417231576646,0.81040895,0.1895910780669145,0.5132845,0.35611197,0.046249725,0.0843538158757927,0.0,0.0,,0.0,1.0,0.0,3.0,1.0,2.0,1.0,53.0,4.0,4.75,10.442454,2.8974414,0.6518502633751894,0.012444154,0,5,0.2733435381587579,64.0,dark
Sint-Pieters-Leeuw,2025,0,0,0,0,0,0,0,0,0,56.76736,12.638226,0.049408894,13.192974,0.09696114,3.0,23755.69,0.5588763,0.7242518,0.65386844,36732.0,0.09297071,0.13470544,0.10021235,0.16702057,0.32053795,0.18455298,0.48960036,0.5103996515300011,0.82979417,0.17020581509310684,0.50726885,0.37346184,0.04897637,0.07029293259283459,0.0,0.0,,3.0,1.0,0.0,7.0,2.0,10.0,7.0,81.0,12.0,4.75,87.162766,2.2051618,0.6518502633751894,0.001545447,0,4,0.10889687465969727,65.0,school_accidents
Heers,2025,0,0,0,0,0,0,0,0,0,177.5243,12.548358,0.055673484,10.432759,0.104717635,3.0,25945.44,0.6082628,0.72071296,0.48068494,7574.0,0.0702403,0.10588857,0.07354106,0.172432,0.35225773,0.22564034,0.49749142,0.5025085819910219,0.9531291,0.04687087404277793,0.44560337,0.4034856,0.057433326,0.09347768682334301,0.0,0.0,,0.0,0.0,0.0,0.0,0.0,2.0,0.0,11.0,2.0,1.75,4.517691,1.4523369,0.5808280276297003,0.023438646,0,3,0.39609189331925004,67.0,dark
Kraainem,2025,0,0,0,0,0,0,0,0,0,1085.4028,12.638226,0.049408894,13.192974,0.09696114,6.0,29599.693,0.46625313,0.7242518,0.5865862,13940.0,0.08350072,0.14670014,0.10315639,0.13149211,0.3466284,0.18852223,0.4856528,0.5143472022955524,0.68292683,0.3170731707317073,0.50724536,0.38357246,0.04031564,0.06886657101865136,0.0,0.0,,0.0,2.0,0.0,1.0,1.0,3.0,2.0,23.0,3.0,2.0,1.8840932,1.6499282,0.6518502633751894,0.077862464,0,3,0.2152080344332855,67.0,dark
Pepingen,2025,0,0,0,0,0,0,0,0,0,322.45834,12.638226,0.049408894,13.192974,0.09696114,3.0,32225.62,0.5789944,0.7242518,0.6807519,4564.0,0.07493427,0.12028922,0.08808063,0.14044698,0.3444347,0.23181419,0.5028484,0.4971516213847502,0.9605609,0.03943908851884312,0.45595968,0.42287466,0.062445223,0.058720420683610865,0.0,0.0,,1.0,1.0,0.0,1.0,3.0,3.0,1.0,11.0,5.0,2.0,1.7025455,2.4101665,0.6518502633751894,0.070652574,0,3,0.6573181419807187,67.0,dark
